Stock #,Availability,Shape,Weight,Clarity,Color,Fancy Color,Fancy Color Intensity,Fancy Color Overtone,Price,Total Price,Discount Percent,Image Link,Image Link 2,Image Link 3,Image Link 4,Image Link 5,Image Link 6,Video Link,Cut Grade,Polish,Symmetry,Depth Percent,Table Percent,Fluorescence Intensity,Fluorescence Color,Lab,Certificate #,Certificate Url,Cert Comment,Culet Condition,Culet Size,Girdle Percent,Girdle Condition,Girdle Thick,Girdle Thin,Measurements,Measurements Depth,Measurements Length,Measurements Width,Milky,Pavilion Depth,BGM,Crown Height,Crown Angle,Pavilion Angle,Laser Inscription,Member Comments,Pair,H&A,City,State,Country,Stock Number for Matching Pair,Share Access,Eye Clean,Featured,Table Open,Crown Open,Girdle Open,Star Length,Type,Tinge,Luster,Black Inclusion,Location of Black,Table Inclusion,Key To Symbol,Surface Graining,Internal Graining,Inclusion Pattern,Diamond Origin Report,Short Title,Arrival Date,Growth Type
,Yes,Marquise,"0,3",SI1,E,,,,500,150,,,,,,,,https://mediassests.s3.amazonaws.com/V360/Vision360.html?d=ZAA74A-2,VG,VG,VG,"65,2",54,,,GCAL,321920263,,,,,,,,,,07.12,3.41,2.22,,,,,,,,,,,,,USA,,,,,,,,,,,,,,,,,,,,,,HPHT
,Yes,Round,"0,3",VS1,G,,,,500,150,,,,,,,,https://mediassests.s3.amazonaws.com/V360/Vision360.html?d=ZAA45A-2,ID,EX,EX,"60,8",57,,,GCAL,321920253,,,,,,,,,,4.35,4.38,2.65,,,,,,,,,,,,,USA,,,,,,,,,,,,,,,,,,,,,,HPHT
,Yes,Oval,"0,3",VS2,F,,,,500,150,,,,,,,,https://mediassests.s3.amazonaws.com/V360/Vision360.html?d=ZAA72A-3,VG,VG,GD,"60,8",56,,,GCAL,321990322,,,,,,,,,,5.37,3.86,2.35,,,,,,,,,,,,,USA,,,,,,,,,,,,,,,,,,,,,,HPHT
,Yes,Pear,"0,3",SI2,G,,,,500,150,,,,,,,,https://mediassests.s3.amazonaws.com/V360/Vision360.html?d=ZAA11A-2,VG,EX,VG,"64,3",60,,,GCAL,322070023,,,,,,,,,,6.19,3.65,2.35,,,,,,,,,,,,,USA,,,,,,,,,,,,,,,,,,,,,,HPHT
,Yes,Marquise,"0,3",SI2,I,,,,500,150,,,,,,,,https://mediassests.s3.amazonaws.com/V360/Vision360.html?d=ZAA08A-3,G,GD,FRIR,"66,7",58,,,GCAL,322070028,,,,,,,,,,07.06,3.33,2.22,,,,,,,,,,,,,USA,,,,,,,,,,,,,,,,,,,,,,HPHT
,Yes,Emerald,"0,3",VS2,G,,,,500,150,,,,,,,,https://03368bc.netsolhost.com/videos/vision360.html?d=ZAA37A-200,VG,VG,VG,"69,5",60,,,GCAL,321800054,,,,,,,,,,4.52,3.19,2.22,,,,,,,,,,,,,USA,,,,,,,,,,,,,,,,,,,,,,HPHT
,Yes,Marquise,"0,3",SI1,G,,,,500,150,,,,,,,,https://03368bc.netsolhost.com/videos/vision360.html?d=ZAA50A-4,VG,GD,GD,"59,1",60,,,GCAL,321800049,,,,,,,,,,7.56,3.48,02.05,,,,,,,,,,,,,USA,,,,,,,,,,,,,,,,,,,,,,HPHT
,Yes,Oval,"0,3",VS2,G,,,,500,150,,,,,,,,https://03368bc.netsolhost.com/videos/vision360.html?d=ZAA54A-200,VG,VG,GD,60,63,,,GCAL,321800031,,,,,,,,,,5.50,3.73,2.24,,,,,,,,,,,,,USA,,,,,,,,,,,,,,,,,,,,,,HPHT
,Yes,Marquise,"0,3",VS1,E,,,,500,150,,,,,,,,-,-,VG,VG,"62,4",59,,,IGI,532251716,,,,,,,,,,7.27,3.43,2.14,,,,,,,,,,,,,USA,,,,,,,,,,,,,,,,,,,,,,HPHT
,Yes,Round,"0,3",I1,F,,,,500,150,,,,,,,,https://mediassests.s3.amazonaws.com/V360/Vision360.html?d=ZAA72A-2,VG,EX,VG,"61,2",59,,,GCAL,322140709,,,,,,,,,,4.3,4.32,2.64,,,,,,,,,,,,,USA,,,,,,,,,,,,,,,,,,,,,,HPHT
,Yes,Emerald,"0,3",SI1,G,,,,500,150,,,,,,,,https://mediassests.s3.amazonaws.com/V360/Vision360.html?d=ZAA90A-2,VG,GD,GD,"67,3",68,,,GCAL,322140702,,,,,,,,,,4.68,02.01,01.01,,,,,,,,,,,,,USA,,,,,,,,,,,,,,,,,,,,,,HPHT
,Yes,Pear,"0,3",SI1,E,,,,500,150,,,,,,,,https://mediassests.s3.amazonaws.com/V360/Vision360.html?d=ZAA10A-4,VG,EX,VG,"59,9",60,,,GCAL,322140705,,,,,,,,,,6.23,3.72,2.22,,,,,,,,,,,,,USA,,,,,,,,,,,,,,,,,,,,,,HPHT
,Yes,Oval,"0,3",SI2,E,,,,500,150,,,,,,,,https://mediassests.s3.amazonaws.com/V360/Vision360.html?d=ZAA54A-201,VG,VG,GD,"63,1",58,,,GCAL,322650195,,,,,,,,,,5.47,3.75,2.37,,,,,,,,,,,,,USA,,,,,,,,,,,,,,,,,,,,,,HPHT
,Yes,Oval,"0,3",SI1,G,,,,500,150,,,,,,,,https://mediassests.s3.amazonaws.com/V360/Vision360.html?d=ZAA27A-200,VG,VG,GD,"63,2",63,,,GCAL,322690193,,,,,,,,,,5.42,2.1,2.34,,,,,,,,,,,,,USA,,,,,,,,,,,,,,,,,,,,,,HPHT
,Yes,Marquise,"0,3",SI1,F,,,,500,150,,,,,,,,https://mediassests.s3.amazonaws.com/V360/Vision360.html?d=ZAA25A-3,VG,VG,VG,"64,5",56,,,GCAL,322430080,,,,,,,,,,6.7,3.54,2.28,,,,,,,,,,,,,USA,,,,,,,,,,,,,,,,,,,,,,HPHT
,Yes,Oval,"0,31",SI1,D,,,,500,155,,,,,,,,https://mediassests.s3.amazonaws.com/V360/Vision360.html?d=ZAA45A-4,VG,VG,VG,"65,7",62,,,GCAL,321920276,,,,,,,,,,5.63,3.68,2.42,,,,,,,,,,,,,USA,,,,,,,,,,,,,,,,,,,,,,HPHT
,Yes,Pear,"0,31",SI1,H,,,,500,155,,,,,,,,https://mediassests.s3.amazonaws.com/V360/Vision360.html?d=ZAA15A-3,VG,VG,GD,"54,2",62,,,GCAL,321990332,,,,,,,,,,6.51,3.91,02.12,,,,,,,,,,,,,USA,,,,,,,,,,,,,,,,,,,,,,HPHT
,Yes,Pear,"0,31",VS2,G,,,,500,155,,,,,,,,https://03368bc.netsolhost.com/videos/vision360.html?d=ZAA42A-2,VG,VG,VG,"62,2",60,,,GCAL,321800047,,,,,,,,,,6.16,3.74,2.32,,,,,,,,,,,,,USA,,,,,,,,,,,,,,,,,,,,,,HPHT
,Yes,Marquise,"0,31",SI1,G,,,,500,155,,,,,,,,https://mediassests.s3.amazonaws.com/V360/Vision360.html?d=ZAA85A-2,VG,GD,VG,"61,7",62,,,GCAL,321920264,,,,,,,,,,6.99,3.56,2.20,,,,,,,,,,,,,USA,,,,,,,,,,,,,,,,,,,,,,HPHT
,Yes,Baguette,"0,31",VS2,F,,,,500,155,,,,,,,,https://mediassests.s3.amazonaws.com/V360/Vision360.html?d=ZAA39A-2,VG,VG,VG,"56,5",74,,,GCAL,322140701,,,,,,,,,,5.47,1.1,1.66,,,,,,,,,,,,,USA,,,,,,,,,,,,,,,,,,,,,,HPHT
,Yes,Oval,"0,31",SI1,F,,,,500,155,,,,,,,,https://mediassests.s3.amazonaws.com/V360/Vision360.html?d=ZAA104A-4,VG,VG,VG,"60,7",61,,,GCAL,322140719,,,,,,,,,,04.01,3.86,01.01,,,,,,,,,,,,,USA,,,,,,,,,,,,,,,,,,,,,,HPHT
,Yes,Pear,"0,32",VS2,G,,,,500,160,,,,,,,,-,VG,VG,VG,"62,9",64,,,GCAL,321800048,,,,,,,,,,6.42,3.70,2.33,,,,,,,,,,,,,USA,,,,,,,,,,,,,,,,,,,,,,HPHT
,Yes,Oval,"0,32",VS2,I,,,,500,160,,,,,,,,https://mediassests.s3.amazonaws.com/V360/Vision360.html?d=ZAA54A-202,VG,GD,GD,"62,1",64,,,GCAL,322690194,,,,,,,,,,5.78,2.1,2.31,,,,,,,,,,,,,USA,,,,,,,,,,,,,,,,,,,,,,HPHT
,Yes,Marquise,"0,33",VS2,H,,,,500,165,,,,,,,,https://mediassests.s3.amazonaws.com/V360/Vision360.html?d=ZAA49A-2,VG,VG,GD,"63,6",58,,,GCAL,321920265,,,,,,,,,,7.19,3.57,2.27,,,,,,,,,,,,,USA,,,,,,,,,,,,,,,,,,,,,,HPHT
,Yes,Round,"0,33",SI2,F,,,,500,165,,,,,,,,https://03368bc.netsolhost.com/videos/vision360.html?d=ZAA52A-2,ID,EX,EX,"61,6",54,,,GCAL,321800056,,,,,,,,,,4.44,4.47,2.75,,,,,,,,,,,,,USA,,,,,,,,,,,,,,,,,,,,,,HPHT
,Yes,Round,"0,34",VS2,H,,,,500,170,,,,,,,,https://mediassests.s3.amazonaws.com/V360/Vision360.html?d=ZAA84A-3,VG,EX,VG,"61,3",56,,,GCAL,322140710,,,,,,,,,,4.5,3.1,2.77,,,,,,,,,,,,,USA,,,,,,,,,,,,,,,,,,,,,,HPHT
,Yes,Oval,"0,34",VS2,F,,,,500,170,,,,,,,,https://mediassests.s3.amazonaws.com/V360/Vision360.html?d=ZAA64A-201,G,EX,GD,"56,7",62,,,GCAL,322500087,,,,,,,,,,5.95,3.99,2.26,,,,,,,,,,,,,USA,,,,,,,,,,,,,,,,,,,,,,HPHT
,Yes,Oval,"0,34",VS2,H,,,,500,170,,,,,,,,https://mediassests.s3.amazonaws.com/V360/Vision360.html?d=ZAA26A-200,EX,VG,VG,"61,9",62,,,GCAL,322690195,,,,,,,,,,4.1,3.92,2.42,,,,,,,,,,,,,USA,,,,,,,,,,,,,,,,,,,,,,HPHT
,Yes,Oval,"0,35",SI1,G,,,,500,175,,,,,,,,https://mediassests.s3.amazonaws.com/V360/Vision360.html?d=ZAA104A-2,VG,EX,VG,"61,4",59,,,GCAL,322070024,,,,,,,,,,5.73,3.96,2.44,,,,,,,,,,,,,USA,,,,,,,,,,,,,,,,,,,,,,HPHT
,Yes,Oval,"0,36",SI1,G,,,,500,180,,,,,,,,https://mediassests.s3.amazonaws.com/V360/Vision360.html?d=ZAA83A-2,VG,VG,VG,"61,3",55,,,GCAL,321920277,,,,,,,,,,06.02,3.94,2.41,,,,,,,,,,,,,USA,,,,,,,,,,,,,,,,,,,,,,HPHT
,Yes,Pear,"0,36",SI2,I,,,,500,180,,,,,,,,-,VG,VG,VG,"61,3",59,,,GCAL,322340181,,,,,,,,,,6.28,3.94,2.41,,,,,,,,,,,,,USA,,,,,,,,,,,,,,,,,,,,,,HPHT
,Yes,Marquise,"0,37",VS1,G,,,,500,185,,,,,,,,https://mediassests.s3.amazonaws.com/V360/Vision360.html?d=ZAA77A-2,VG,VG,VG,"60,3",59,,,GCAL,321920266,,,,,,,,,,7.33,3.84,2.31,,,,,,,,,,,,,USA,,,,,,,,,,,,,,,,,,,,,,HPHT
,Yes,Round,"0,37",VS2,I,,,,500,185,,,,,,,,https://03368bc.netsolhost.com/videos/vision360.html?d=ZAA27A-202,EX,EX,EX,"62,2",56,,,GCAL,321800057,,,,,,,,,,4.59,4.60,2.86,,,,,,,,,,,,,USA,,,,,,,,,,,,,,,,,,,,,,HPHT
,Yes,Marquise,"0,37",VS2,F,,,,500,185,,,,,,,,https://mediassests.s3.amazonaws.com/V360/Vision360.html?d=ZAA92A-2,VG,EX,VG,65,54,,,GCAL,321920267,,,,,,,,,,7.36,3.74,2.43,,,,,,,,,,,,,USA,,,,,,,,,,,,,,,,,,,,,,HPHT
,Yes,Marquise,"0,37",VS2,H,,,,500,185,,,,,,,,https://mediassests.s3.amazonaws.com/V360/Vision360.html?d=ZAA105A-2,VG,VG,VG,"62,4",61,,,GCAL,322430081,,,,,,,,,,7.27,3.84,2.4,,,,,,,,,,,,,USA,,,,,,,,,,,,,,,,,,,,,,HPHT
,Yes,Marquise,"0,38",VS1,F,,,,500,190,,,,,,,,https://mediassests.s3.amazonaws.com/V360/Vision360.html?d=ZAA91A-2,VG,EX,GD,"61,6",60,,,GCAL,322070029,,,,,,,,,,08.03,3.73,2.30,,,,,,,,,,,,,USA,,,,,,,,,,,,,,,,,,,,,,HPHT
,Yes,Oval,"0,38",VS2,H,,,,500,190,,,,,,,,https://03368bc.netsolhost.com/videos/vision360.html?d=ZAA59A-201,VG,VG,GD,"61,3",58,,,GCAL,321800032,,,,,,,,,,5.79,04.12,2.53,,,,,,,,,,,,,USA,,,,,,,,,,,,,,,,,,,,,,HPHT
,Yes,Marquise,"0,38",I1,G,,,,500,190,,,,,,,,-,VG,VG,VG,"69,4",60,,,GCAL,322340176,,,,,,,,,,7.68,3.56,2.47,,,,,,,,,,,,,USA,,,,,,,,,,,,,,,,,,,,,,HPHT
,Yes,Pear,"0,39",VVS2,I,,,,500,195,,,,,,,,https://mediassests.s3.amazonaws.com/V360/Vision360.html?d=ZAA06A-2,VG,VG,GD,"62,4",62,,,GCAL,321990333,,,,,,,,,,6.45,04.06,2.53,,,,,,,,,,,,,USA,,,,,,,,,,,,,,,,,,,,,,HPHT
,Yes,Marquise,"0,4",VS2,E,,,,500,200,,,,,,,,https://03368bc.netsolhost.com/videos/vision360.html?d=ZAA50A-2,VG,VG,GD,"64,2",54,,,GCAL,321800050,,,,,,,,,,8.13,3.76,2.42,,,,,,,,,,,,,USA,,,,,,,,,,,,,,,,,,,,,,HPHT
,Yes,Oval,"0,4",VVS1,G,,,,500,200,,,,,,,,https://03368bc.netsolhost.com/videos/vision360.html?d=ZAA60A-200,VG,GD,GD,"62,6",51,,,GCAL,321800033,,,,,,,,,,5.86,4.22,2.64,,,,,,,,,,,,,USA,,,,,,,,,,,,,,,,,,,,,,HPHT
,Yes,Oval,"0,4",SI2,G,,,,500,200,,,,,,,,https://mediassests.s3.amazonaws.com/V360/Vision360.html?d=ZAA50A-3,EX,VG,VG,"62,7",62,,,GCAL,322200537,,,,,,,,,,6.31,04.02,2.52,,,,,,,,,,,,,USA,,,,,,,,,,,,,,,,,,,,,,HPHT
,Yes,Round,"0,41",VS1,G,,,,500,205,,,,,,,,https://03368bc.netsolhost.com/videos/vision360.html?d=ZAA04A-2,ID,EX,EX,"62,5",57,,,IGI,532251719,,,,,,,,,,4.74,4.76,2.97,,,,,,,,,,,,,USA,,,,,,,,,,,,,,,,,,,,,,HPHT
,Yes,Marquise,"0,41",SI2,E,,,,500,205,,,,,,,,https://mediassests.s3.amazonaws.com/V360/Vision360.html?d=ZAA49A-3,VG,EX,VG,"64,1",61,,,GCAL,321920268,,,,,,,,,,7.71,3.90,2.50,,,,,,,,,,,,,USA,,,,,,,,,,,,,,,,,,,,,,HPHT
,Yes,Marquise,"0,41",VS2,F,,,,500,205,,,,,,,,-,VG,EX,VG,"62,9",63,,,GCAL,321990319,,,,,,,,,,7.30,3.92,2.47,,,,,,,,,,,,,USA,,,,,,,,,,,,,,,,,,,,,,HPHT
,Yes,Marquise,"0,41",I1,E,,,,500,205,,,,,,,,https://03368bc.netsolhost.com/videos/vision360.html?d=ZAA45A-3,G,VG,GD,"65,7",61,,,GCAL,321800052,,,,,,,,,,7.65,3.77,2.48,,,,,,,,,,,,,USA,,,,,,,,,,,,,,,,,,,,,,HPHT
,Yes,Marquise,"0,41",VS1,E,,,,500,205,,,,,,,,https://03368bc.netsolhost.com/videos/vision360.html?d=ZAA60A-201,VG,GD,GD,"57,6",60,,,GCAL,321800051,,,,,,,,,,8.23,3.95,2.28,,,,,,,,,,,,,USA,,,,,,,,,,,,,,,,,,,,,,HPHT
,Yes,Round,"0,41",VS2,G,,,,500,205,,,,,,,,https://mediassests.s3.amazonaws.com/V360/Vision360.html?d=ZAA82A-3,EX,EX,EX,"60,8",56,,,GCAL,321920254,,,,,,,,,,4.81,4.83,2.94,,,,,,,,,,,,,USA,,,,,,,,,,,,,,,,,,,,,,HPHT
,Yes,Emerald,"0,42",VS2,I,,,,500,210,,,,,,,,https://mediassests.s3.amazonaws.com/V360/Vision360.html?d=ZAA103A-2,VG,VG,VG,"62,6",68,,,GCAL,322430078,,,,,,,,,,5.16,3.64,01.01,,,,,,,,,,,,,USA,,,,,,,,,,,,,,,,,,,,,,HPHT
,Yes,Oval,"0,43",SI1,E,,,,500,215,,,,,,,,https://mediassests.s3.amazonaws.com/V360/Vision360.html?d=ZAA48A-3,VG,VG,VG,"61,4",60,,,GCAL,321920278,,,,,,,,,,6.52,4.18,2.57,,,,,,,,,,,,,USA,,,,,,,,,,,,,,,,,,,,,,HPHT
,Yes,Pear,"0,43",SI1,I,,,,500,215,,,,,,,,-,VG,GD,GD,"57,4",62,,,GCAL,321990334,,,,,,,,,,6.72,4.27,2.45,,,,,,,,,,,,,USA,,,,,,,,,,,,,,,,,,,,,,HPHT
,Yes,Marquise,"0,43",VS2,G,,,,500,215,,,,,,,,https://mediassests.s3.amazonaws.com/V360/Vision360.html?d=ZAA60A-202,G,VG,GD,"59,8",58,,,GCAL,322500094,,,,,,,,,,7.93,2.1,2.36,,,,,,,,,,,,,USA,,,,,,,,,,,,,,,,,,,,,,HPHT
,Yes,Oval,"0,44",VS1,H,,,,500,220,,,,,,,,https://mediassests.s3.amazonaws.com/V360/Vision360.html?d=ZAA93A-2,VG,EX,VG,"62,1",61,,,GCAL,321920279,,,,,,,,,,6.40,4.26,2.64,,,,,,,,,,,,,USA,,,,,,,,,,,,,,,,,,,,,,HPHT
,Yes,Marquise,"0,44",VVS1,E,,,,500,220,,,,,,,,https://mediassests.s3.amazonaws.com/V360/Vision360.html?d=ZAA91A-3,EX,VG,VG,"57,5",60,,,GCAL,322140712,,,,,,,,,,8.62,04.05,2.33,,,,,,,,,,,,,USA,,,,,,,,,,,,,,,,,,,,,,HPHT
,Yes,Marquise,"0,46",VS2,G,,,,500,230,,,,,,,,https://mediassests.s3.amazonaws.com/V360/Vision360.html?d=ZAA94A-3,VG,VG,VG,"63,2",64,,,GCAL,321920269,,,,,,,,,,8.36,04.01,2.54,,,,,,,,,,,,,USA,,,,,,,,,,,,,,,,,,,,,,HPHT
,Yes,Marquise,"0,46",VS2,H,,,,500,230,,,,,,,,https://mediassests.s3.amazonaws.com/V360/Vision360.html?d=ZAA76A-2,VG,VG,GD,57,62,,,GCAL,321990320,,,,,,,,,,8.47,4.11,2.34,,,,,,,,,,,,,USA,,,,,,,,,,,,,,,,,,,,,,HPHT
,Yes,Oval,"0,46",VS2,G,,,,500,230,,,,,,,,https://mediassests.s3.amazonaws.com/V360/Vision360.html?d=ZAA23A-202,VG,EX,VG,"60,4",55,,,GCAL,322500088,,,,,,,,,,6.27,4.45,2.69,,,,,,,,,,,,,USA,,,,,,,,,,,,,,,,,,,,,,HPHT
,Yes,Marquise,"0,47",VVS1,I,,,,500,235,,,,,,,,https://mediassests.s3.amazonaws.com/V360/Vision360.html?d=ZAA77A-3,VG,VG,VG,"65,3",55,,,GCAL,321920270,,,,,,,,,,08.01,3.98,2.60,,,,,,,,,,,,,USA,,,,,,,,,,,,,,,,,,,,,,HPHT
,Yes,Pear,"0,49",VS2,Fancy Blue,,,,600,294,,,,,,,,https://mediassests.s3.amazonaws.com/V360/Vision360.html?d=ZAA13A-3,VG,VG,GD,64,60,,,GCAL,321920294,,,,,,,,,,6.85,4.37,2.80,,,,,,,,,,,,,USA,,,,,,,,,,,,,,,,,,,,,,HPHT
,Yes,Oval,"0,49",VS2,H,,,,500,245,,,,,,,,https://mediassests.s3.amazonaws.com/V360/Vision360.html?d=ZAA68A-200,EX,VG,VG,"59,8",57,,,GCAL,322690196,,,,,,,,,,5.1,3.1,2.72,,,,,,,,,,,,,USA,,,,,,,,,,,,,,,,,,,,,,HPHT
,Yes,Pear,"0,5",SI2,I,,,,500,250,,,,,,,,https://mediassests.s3.amazonaws.com/V360/Vision360.html?d=ZAA48A-2,VG,VG,VG,"63,8",59,,,GCAL,321920295,,,,,,,,,,6.97,4.44,2.83,,,,,,,,,,,,,USA,,,,,,,,,,,,,,,,,,,,,,HPHT
,Yes,Oval,"0,5",VVS1,D,,,,500,250,,,,,,,,https://mediassests.s3.amazonaws.com/V360/Vision360.html?d=ZAA61A-201,VG,GD,VG,64,59,,,GCAL,321920280,,,,,,,,,,6.39,4.44,2.84,,,,,,,,,,,,,USA,,,,,,,,,,,,,,,,,,,,,,HPHT
,Yes,Round,"0,5",SI2,G,,,,500,250,,,,,,,,https://mediassests.s3.amazonaws.com/V360/Vision360.html?d=ZAA84A-2,VG,VG,VG,"61,1",57,,,GCAL,321990336,,,,,,,,,,05.09,5.12,3.12,,,,,,,,,,,,,USA,,,,,,,,,,,,,,,,,,,,,,HPHT
,Yes,Oval,"0,5",I1,I,,,,500,250,,,,,,,,https://03368bc.netsolhost.com/videos/vision360.html?d=ZAA47A-201,VG,GD,VG,"64,7",54,,,GCAL,321800034,,,,,,,,,,6.44,4.44,2.87,,,,,,,,,,,,,USA,,,,,,,,,,,,,,,,,,,,,,HPHT
,Yes,Oval,"0,5",I1,H,,,,500,250,,,,,,,,-,VG,VG,VG,"60,1",58,,,GCAL,321920281,,,,,,,,,,6.58,4.55,2.73,,,,,,,,,,,,,USA,,,,,,,,,,,,,,,,,,,,,,HPHT
,Yes,Round,"0,5",VS2,I,,,,500,250,,,,,,,,https://mediassests.s3.amazonaws.com/V360/Vision360.html?d=ZAA45A-1,VG,VG,VG,"60,5",59,,,GCAL,321920255,,,,,,,,,,5.10,5.13,03.09,,,,,,,,,,,,,USA,,,,,,,,,,,,,,,,,,,,,,HPHT
,Yes,Marquise,"0,5",VS1,Fancy Light Blue,,,,600,300,,,,,,,,-,EX,EX,VG,"62,7",57,,,GCAL,322340177,,,,,,,,,,8.54,04.08,2.56,,,,,,,,,,,,,USA,,,,,,,,,,,,,,,,,,,,,,HPHT
,Yes,Marquise,"0,5",VVS2,H,,,,500,250,,,,,,,,https://mediassests.s3.amazonaws.com/V360/Vision360.html?d=ZAA86A-2,EX,VG,VG,"67,4",59,,,GCAL,322200541,,,,,,,,,,7.92,04.06,2.73,,,,,,,,,,,,,USA,,,,,,,,,,,,,,,,,,,,,,HPHT
,Yes,Oval,"0,5",VS2,F,,,,500,250,,,,,,,,https://mediassests.s3.amazonaws.com/V360/Vision360.html?d=ZAA116A-1,EX,EX,VG,"57,6",61,,,GCAL,322650196,,,,,,,,,,6.42,3.1,2.67,,,,,,,,,,,,,USA,,,,,,,,,,,,,,,,,,,,,,HPHT
,Yes,Oval,"0,5",VS2,Fancy Light Blue,,,,600,300,,,,,,,,https://mediassests.s3.amazonaws.com/V360/Vision360.html?d=ZAA20A-1,VG,VG,VG,"62,1",66,,,GCAL,322430084,,,,,,,,,,6.36,4.4,1.1,,,,,,,,,,,,,USA,,,,,,,,,,,,,,,,,,,,,,HPHT
,Yes,Marquise,"0,5",VS2,I,,,,500,250,,,,,,,,https://mediassests.s3.amazonaws.com/V360/Vision360.html?d=ZAA66A-200,VG,VG,GD,"63,3",55,,,GCAL,322690189,,,,,,,,,,8.3,3.97,1.1,,,,,,,,,,,,,USA,,,,,,,,,,,,,,,,,,,,,,HPHT
,Yes,Round,"0,51",VS2,H,,,,500,255,,,,,,,,https://mediassests.s3.amazonaws.com/V360/Vision360.html?d=ZAA52A-3,EX,EX,EX,"61,1",58,,,GCAL,321920257,,,,,,,,,,05.09,5.14,3.13,,,,,,,,,,,,,USA,,,,,,,,,,,,,,,,,,,,,,HPHT
,Yes,Round,"0,51",VS2,G,,,,500,255,,,,,,,,https://mediassests.s3.amazonaws.com/V360/Vision360.html?d=ZAA82A-2,VG,EX,VG,"61,8",56,,,GCAL,321920256,,,,,,,,,,5.10,5.11,3.16,,,,,,,,,,,,,USA,,,,,,,,,,,,,,,,,,,,,,HPHT
,Yes,Marquise,"0,51",I1,G,,,,500,255,,,,,,,,-,EX,EX,VG,"62,7",60,,,GCAL,322340179,,,,,,,,,,8.58,4.8,2.56,,,,,,,,,,,,,USA,,,,,,,,,,,,,,,,,,,,,,HPHT
,Yes,Marquise,"0,51",SI2,I,,,,500,255,,,,,,,,-,VG,EX,GD,"65,6",55,,,GCAL,322340178,,,,,,,,,,8.24,04.09,2.68,,,,,,,,,,,,,USA,,,,,,,,,,,,,,,,,,,,,,HPHT
,Yes,Emerald,"0,51",VS2,I,,,,500,255,,,,,,,,https://mediassests.s3.amazonaws.com/V360/Vision360.html?d=ZAA53A-2,EX,EX,VG,"69,7",63,,,GCAL,322200543,,,,,,,,,,5.42,3.73,2.60,,,,,,,,,,,,,USA,,,,,,,,,,,,,,,,,,,,,,HPHT
,Yes,Oval,"0,51",SI2,Fancy Light Blue,,,,600,306,,,,,,,,https://mediassests.s3.amazonaws.com/V360/Vision360.html?d=ZAA107A-2,VG,VG,VG,"65,6",61,,,GCAL,322430085,,,,,,,,,,5.1,4.34,2.84,,,,,,,,,,,,,USA,,,,,,,,,,,,,,,,,,,,,,HPHT
,Yes,Oval,"0,51",VS2,H,,,,500,255,,,,,,,,https://mediassests.s3.amazonaws.com/V360/Vision360.html?d=ZAA71A-3,VG,VG,VG,"61,2",62,,,GCAL,322430086,,,,,,,,,,05.01,4.44,2.72,,,,,,,,,,,,,USA,,,,,,,,,,,,,,,,,,,,,,HPHT
,Yes,Marquise,"0,51",VS2,I,,,,500,255,,,,,,,,https://mediassests.s3.amazonaws.com/V360/Vision360.html?d=ZAA80A-2,VG,EX,GD,"62,8",54,,,GCAL,322140713,,,,,,,,,,8.67,04.01,2.52,,,,,,,,,,,,,USA,,,,,,,,,,,,,,,,,,,,,,HPHT
,Yes,Marquise,"0,52",I2,F,,,,500,260,,,,,,,,https://mediassests.s3.amazonaws.com/V360/Vision360.html?d=ZAA71A-4,VG,VG,VG,"58,1",57,,,GCAL,321920271,,,,,,,,,,09.02,4.24,2.47,,,,,,,,,,,,,USA,,,,,,,,,,,,,,,,,,,,,,HPHT
,Yes,Marquise,"0,52",SI1,F,,,,500,260,,,,,,,,https://mediassests.s3.amazonaws.com/V360/Vision360.html?d=ZAA73A-2,EX,VG,VG,"57,7",61,,,GCAL,321920273,,,,,,,,,,8.35,4.44,2.56,,,,,,,,,,,,,USA,,,,,,,,,,,,,,,,,,,,,,HPHT
,Yes,Marquise,"0,52",SI1,I,,,,500,260,,,,,,,,https://mediassests.s3.amazonaws.com/V360/Vision360.html?d=ZAA79A-3,VG,VG,VG,"60,7",61,,,GCAL,321920272,,,,,,,,,,09.03,4.11,2.49,,,,,,,,,,,,,USA,,,,,,,,,,,,,,,,,,,,,,HPHT
,Yes,Pear,"0,53",VS2,Fancy Deep Blue,,,,600,318,,,,,,,,https://mediassests.s3.amazonaws.com/V360/Vision360.html?d=ZAA70A-200,VG,VG,VG,"64,6",59,,,GCAL,322500092,,,,,,,,,,07.07,3.1,1.1,,,,,,,,,,,,,USA,,,,,,,,,,,,,,,,,,,,,,HPHT
,Yes,Oval,"0,54",SI1,H,,,,500,270,,,,,,,,https://mediassests.s3.amazonaws.com/V360/Vision360.html?d=ZAA71A-2,VG,VG,VG,"63,2",59,,,GCAL,321920282,,,,,,,,,,6.79,4.55,2.87,,,,,,,,,,,,,USA,,,,,,,,,,,,,,,,,,,,,,HPHT
,Yes,Pear,"0,54",VS2,Fancy Light Blue,,,,600,324,,,,,,,,https://mediassests.s3.amazonaws.com/V360/Vision360.html?d=ZAA02A-3,VG,EX,VG,"60,2",63,,,GCAL,322140706,,,,,,,,,,7.6,4.48,2.7,,,,,,,,,,,,,USA,,,,,,,,,,,,,,,,,,,,,,HPHT
,Yes,Marquise,"0,54",VS2,I,,,,500,270,,,,,,,,https://mediassests.s3.amazonaws.com/V360/Vision360.html?d=ZAA104A-3,EX,VG,VG,"62,3",61,,,GCAL,322140714,,,,,,,,,,8.43,4.25,2.65,,,,,,,,,,,,,USA,,,,,,,,,,,,,,,,,,,,,,HPHT
,Yes,Marquise,"0,55",SI2,Fancy Light Blue,,,,600,330,,,,,,,,https://mediassests.s3.amazonaws.com/V360/Vision360.html?d=ZAA106A-3,VG,VG,VG,"62,2",52,,,GCAL,322430082,,,,,,,,,,7.1,4.22,2.63,,,,,,,,,,,,,USA,,,,,,,,,,,,,,,,,,,,,,HPHT
,Yes,Pear,"0,57",VVS2,F,,,,500,285,,,,,,,,https://mediassests.s3.amazonaws.com/V360/Vision360.html?d=ZAA23A-201,EX,VG,VG,"64,6",59,,,GCAL,321920296,,,,,,,,,,7.50,4.57,2.96,,,,,,,,,,,,,USA,,,,,,,,,,,,,,,,,,,,,,HPHT
,Yes,Oval,"0,58",VS2,Fancy Light Blue,,,,600,348,,,,,,,,https://03368bc.netsolhost.com/videos/vision360.html?d=ZAA46A-200,VG,VG,VG,"62,9",56,,,GCAL,321800035,,,,,,,,,,6.72,4.69,2.95,,,,,,,,,,,,,USA,,,,,,,,,,,,,,,,,,,,,,HPHT
,Yes,Round,"0,58",VVS2,Light Yellow,,,,600,348,,,,,,,,https://mediassests.s3.amazonaws.com/V360/Vision360.html?d=ZAA100A-200,ID,EX,EX,"61,7",56,,,GCAL,322140711,,,,,,,,,,5.33,4.1,3.3,,,,,,,,,,,,,USA,,,,,,,,,,,,,,,,,,,,,,HPHT
,Yes,Marquise,"0,58",SI1,H,,,,500,290,,,,,,,,https://mediassests.s3.amazonaws.com/V360/Vision360.html?d=ZAA91A-4,VG,VG,VG,"63,5",58,,,GCAL,322430083,,,,,,,,,,8.86,4.33,2.75,,,,,,,,,,,,,USA,,,,,,,,,,,,,,,,,,,,,,HPHT
,Yes,Marquise,"0,59",VS1,H,,,,500,295,,,,,,,,-,VG,VG,VG,66,51,,,GCAL,321920274,,,,,,,,,,8.64,4.29,2.83,,,,,,,,,,,,,USA,,,,,,,,,,,,,,,,,,,,,,HPHT
,Yes,Emerald,"0,6",VS2,Fancy Light Blue,,,,600,360,,,,,,,,https://mediassests.s3.amazonaws.com/V360/Vision360.html?d=ZAA08A-2,VG,EX,VG,"71,6",67,,,GCAL,321920300,,,,,,,,,,5.58,3.94,2.82,,,,,,,,,,,,,USA,,,,,,,,,,,,,,,,,,,,,,HPHT
,Yes,Round,"0,6",VS1,J,,,,500,300,,,,,,,,https://mediassests.s3.amazonaws.com/V360/Vision360.html?d=ZAA27A-201,VG,EX,VG,"60,5",58,,,GCAL,321920258,,,,,,,,,,5.46,5.50,3.32,,,,,,,,,,,,,USA,,,,,,,,,,,,,,,,,,,,,,HPHT
,Yes,Marquise,"0,6",VVS1,H,,,,500,300,,,,,,,,https://mediassests.s3.amazonaws.com/V360/Vision360.html?d=ZAA10A-2,VG,EX,VG,"65,4",60,,,GCAL,322140715,,,,,,,,,,7.1,4.41,2.88,,,,,,,,,,,,,USA,,,,,,,,,,,,,,,,,,,,,,HPHT
,Yes,Oval,"0,64",VS1,G,,,,500,320,,,,,,,,https://mediassests.s3.amazonaws.com/V360/Vision360.html?d=ZAA62A-200,EX,VG,VG,"62,3",60,,,GCAL,322200538,,,,,,,,,,7.00,4.81,3.00,,,,,,,,,,,,,USA,,,,,,,,,,,,,,,,,,,,,,HPHT
,Yes,Radiant,"0,65",VS2,F,,,,500,325,,,,,,,,-,EX,VG,VG,"64,5",65,,,GCAL,322690190,,,,,,,,,,6.24,4.43,2.86,,,,,,,,,,,,,USA,,,,,,,,,,,,,,,,,,,,,,HPHT
,Yes,Oval,"0,66",VVS1,I,,,,500,330,,,,,,,,https://03368bc.netsolhost.com/videos/vision360.html?d=ZAA31A-1,VG,VG,VG,65,60,,,GCAL,321800036,,,,,,,,,,6.76,4.91,3.19,,,,,,,,,,,,,USA,,,,,,,,,,,,,,,,,,,,,,HPHT
,Yes,Princess,"0,66",SI1,H,,,,500,330,,,,,,,,https://mediassests.s3.amazonaws.com/V360/Vision360.html?d=ZAA130A-1,EX,VG,VG,"66,7",70,,,GCAL,322650190,,,,,,,,,,4.88,4.77,3.18,,,,,,,,,,,,,USA,,,,,,,,,,,,,,,,,,,,,,HPHT
,Yes,Oval,"0,69",VS2,G,,,,500,345,,,,,,,,https://mediassests.s3.amazonaws.com/V360/Vision360.html?d=ZAA42A-1,EX,EX,VG,"63,6",56,,,GCAL,322690197,,,,,,,,,,6.94,4.97,3.16,,,,,,,,,,,,,USA,,,,,,,,,,,,,,,,,,,,,,HPHT
,Yes,Oval,"0,7",VS2,Fancy Light Blue,,,,600,420,,,,,,,,https://03368bc.netsolhost.com/videos/vision360.html?d=ZAA61A-200,VG,VG,GD,"59,8",67,,,GCAL,321800037,,,,,,,,,,7.29,5.00,2.99,,,,,,,,,,,,,USA,,,,,,,,,,,,,,,,,,,,,,HPHT
,Yes,Marquise,"0,71",VS1,G,,,,500,355,,,,,,,,https://03368bc.netsolhost.com/videos/vision360.html?d=ZAA10A-3,-,EX,EX,"62,7",60,,,IGI,532251708,,,,,,,,,,9.62 x 4.51 x 2.83,,,,,,,,,,,,,,,USA,,,,,,,,,,,,,,,,,,,,,,HPHT
,Yes,Cushion,"0,71",SI1,G,,,,500,355,,,,,,,,-,VG,EX,VG,"69,6",63,,,GCAL,322430077,,,,,,,,,,05.07,05.02,02.01,,,,,,,,,,,,,USA,,,,,,,,,,,,,,,,,,,,,,HPHT
,Yes,Pear,"0,71",VS2,G,,,,500,355,,,,,,,,https://mediassests.s3.amazonaws.com/V360/Vision360.html?d=ZAA43A-200,EX,EX,VG,"66,6",60,,,GCAL,322650191,,,,,,,,,,6.1,3.1,3.15,,,,,,,,,,,,,USA,,,,,,,,,,,,,,,,,,,,,,HPHT
,Yes,Marquise,"0,71",VS1,Fancy Blue,,,,600,426,,,,,,,,https://mediassests.s3.amazonaws.com/V360/Vision360.html?d=ZAA78A-3,VG,EX,VG,66,58,,,GCAL,322140716,,,,,,,,,,7.1,4.56,03.01,,,,,,,,,,,,,USA,,,,,,,,,,,,,,,,,,,,,,HPHT
,Yes,Oval,"0,72",VS2,F,,,,500,360,,,,,,,,https://mediassests.s3.amazonaws.com/V360/Vision360.html?d=ZAA04A-1,VG,VG,GD,"64,1",58,,,GCAL,321920283,,,,,,,,,,7.35,4.89,3.14,,,,,,,,,,,,,USA,,,,,,,,,,,,,,,,,,,,,,HPHT
,Yes,Oval,"0,73",VS2,I,,,,500,365,,,,,,,,https://mediassests.s3.amazonaws.com/V360/Vision360.html?d=ZAA44A-2,EX,EX,VG,"65,4",58,,,GCAL,322070025,,,,,,,,,,7.33,4.90,3.20,,,,,,,,,,,,,USA,,,,,,,,,,,,,,,,,,,,,,HPHT
,Yes,Oval,"0,75",VS2,G,,,,500,375,,,,,,,,https://mediassests.s3.amazonaws.com/V360/Vision360.html?d=ZAA117A-1,G,VG,GD,"62,2",57,,,GCAL,322500089,,,,,,,,,,7.37,5.12,3.18,,,,,,,,,,,,,USA,,,,,,,,,,,,,,,,,,,,,,HPHT
,Yes,Marquise,"0,75",VVS2,Fancy Light Blue,,,,600,450,,,,,,,,https://mediassests.s3.amazonaws.com/V360/Vision360.html?d=ZAA12A-2,VG,EX,VG,"64,7",58,,,GCAL,322140717,,,,,,,,,,9.6,4.67,2.1,,,,,,,,,,,,,USA,,,,,,,,,,,,,,,,,,,,,,HPHT
,Yes,Cushion,"0,76",VS2,I,,,,500,380,,,,,,,,https://mediassests.s3.amazonaws.com/V360/Vision360.html?d=ZAA33A-1,VG,VG,GD,"69,5",62,,,GCAL,321920249,,,,,,,,,,5.37,5.21,3.62,,,,,,,,,,,,,USA,,,,,,,,,,,,,,,,,,,,,,HPHT
,Yes,Marquise,"0,76",VS2,H,,,,500,380,,,,,,,,https://mediassests.s3.amazonaws.com/V360/Vision360.html?d=ZAA76A-3,VG,EX,VG,"66,7",63,,,GCAL,322140718,,,,,,,,,,9.49,4.6,03.07,,,,,,,,,,,,,USA,,,,,,,,,,,,,,,,,,,,,,HPHT
,Yes,Radiant,"0,77",SI2,Fancy Intense Yellow,,,,600,462,,,,,,,,-,ID,EX,EX,"65,2",64,,,GCAL,322650192,,,,,,,,,,5.1,4.46,2.91,,,,,,,,,,,,,USA,,,,,,,,,,,,,,,,,,,,,,HPHT
,Yes,Oval,"0,78",VS2,Fancy Blue,,,,600,468,,,,,,,,https://mediassests.s3.amazonaws.com/V360/Vision360.html?d=ZAA107A-4,VG,EX,VG,"56,1",61,,,GCAL,322430087,,,,,,,,,,06.01,5.39,03.02,,,,,,,,,,,,,USA,,,,,,,,,,,,,,,,,,,,,,HPHT
,Yes,Pear,"0,79",VS1,Fancy Blue,,,,600,474,,,,,,,,-,VG,VG,VG,"62,6",60,,,GCAL,322500093,,,,,,,,,,8.32,05.01,3.14,,,,,,,,,,,,,USA,,,,,,,,,,,,,,,,,,,,,,HPHT
,Yes,Oval,"0,8",VS2,I,,,,500,400,,,,,,,,https://mediassests.s3.amazonaws.com/V360/Vision360.html?d=ZAA21A-1,EX,EX,VG,"64,9",58,,,GCAL,321920284,,,,,,,,,,7.29,5.15,3.34,,,,,,,,,,,,,USA,,,,,,,,,,,,,,,,,,,,,,HPHT
,Yes,Cushion,"0,8",VS2,J,,,,500,400,,,,,,,,https://mediassests.s3.amazonaws.com/V360/Vision360.html?d=ZAA34A-1,VG,VG,GD,"65,7",65,,,GCAL,321920250,,,,,,,,,,5.57,5.40,3.54,,,,,,,,,,,,,USA,,,,,,,,,,,,,,,,,,,,,,HPHT
,Yes,Radiant,"0,8",VS2,I,,,,500,400,,,,,,,,-,EX,EX,VG,"69,2",68,,,GCAL,322340182,,,,,,,,,,6.38,4.56,3.16,,,,,,,,,,,,,USA,,,,,,,,,,,,,,,,,,,,,,HPHT
,Yes,Emerald,"0,82",VS1,H,,,,500,410,,,,,,,,https://mediassests.s3.amazonaws.com/V360/Vision360.html?d=ZAA151A-1,EX,VG,VG,"63,6",61,,,GCAL,322650193,,,,,,,,,,6.46,4.49,01.01,,,,,,,,,,,,,USA,,,,,,,,,,,,,,,,,,,,,,HPHT
,Yes,Oval,"0,84",SI1,I,,,,500,420,,,,,,,,https://mediassests.s3.amazonaws.com/V360/Vision360.html?d=ZAA94A-2,VG,VG,VG,"66,1",58,,,GCAL,321990323,,,,,,,,,,7.76,5.11,3.38,,,,,,,,,,,,,USA,,,,,,,,,,,,,,,,,,,,,,HPHT
,Yes,Marquise,"0,84",SI2,F,,,,500,420,,,,,,,,-,EX,EX,VG,"60,5",60,,,GCAL,322340180,,,,,,,,,,9.86,4.99,03.02,,,,,,,,,,,,,USA,,,,,,,,,,,,,,,,,,,,,,HPHT
,Yes,Asscher,"0,85",SI1,H,,,,500,425,,,,,,,,https://mediassests.s3.amazonaws.com/V360/Vision360.html?d=ZAA109A-1,VG,VG,VG,"67,4",62,,,GCAL,322430079,,,,,,,,,,5.22,5.22,3.52,,,,,,,,,,,,,USA,,,,,,,,,,,,,,,,,,,,,,HPHT
,Yes,Oval,"0,85",SI1,G,,,,500,425,,,,,,,,https://mediassests.s3.amazonaws.com/V360/Vision360.html?d=ZAA39A-1,VG,VG,VG,"63,5",58,,,GCAL,322140720,,,,,,,,,,7.55,5.3,3.37,,,,,,,,,,,,,USA,,,,,,,,,,,,,,,,,,,,,,HPHT
,Yes,Marquise,"0,86",VS2,E,,,,500,430,,,,,,,,https://mediassests.s3.amazonaws.com/V360/Vision360.html?d=ZAA92A-3,VG,EX,GD,"61,8",55,,,GCAL,322070030,,,,,,,,,,9.70,05.07,3.13,,,,,,,,,,,,,USA,,,,,,,,,,,,,,,,,,,,,,HPHT
,Yes,Pear,"0,89",SI2,I,,,,500,445,,,,,,,,https://mediassests.s3.amazonaws.com/V360/Vision360.html?d=ZAA02A-2,VG,VG,VG,"62,4",61,,,GCAL,321920297,,,,,,,,,,8.62,5.25,3.28,,,,,,,,,,,,,USA,,,,,,,,,,,,,,,,,,,,,,HPHT
,Yes,Heart,"0,89",VS2,H,,,,500,445,,,,,,,,https://mediassests.s3.amazonaws.com/V360/Vision360.html?d=ZAA19A-1,EX,EX,EX,"58,8",57,,,GCAL,322140703,,,,,,,,,,6.53,5.1,3.85,,,,,,,,,,,,,USA,,,,,,,,,,,,,,,,,,,,,,HPHT
,Yes,Oval,"0,9",VS2,Fancy Light Blue,,,,600,540,,,,,,,,https://03368bc.netsolhost.com/videos/vision360.html?d=ZAA22A-1,EX,VG,VG,"65,5",58,,,GCAL,321800038,,,,,,,,,,7.60,5.31,3.48,,,,,,,,,,,,,USA,,,,,,,,,,,,,,,,,,,,,,HPHT
,Yes,Marquise,"0,9",VS1,H,,,,500,450,,,,,,,,https://mediassests.s3.amazonaws.com/V360/Vision360.html?d=ZAA78A-4,EX,VG,VG,"65,3",59,,,GCAL,322200542,,,,,,,,,,9.59,4.98,3.25,,,,,,,,,,,,,USA,,,,,,,,,,,,,,,,,,,,,,HPHT
,Yes,Cushion,"0,93",SI2,I,,,,500,465,,,,,,,,https://mediassests.s3.amazonaws.com/V360/Vision360.html?d=ZAA134A-1,EX,EX,EX,"69,7",63,,,GCAL,322560714,,,,,,,,,,5.64,5.57,02.01,,,,,,,,,,,,,USA,,,,,,,,,,,,,,,,,,,,,,HPHT
,Yes,Oval,"0,99",VS1,I,,,,500,495,,,,,,,,https://mediassests.s3.amazonaws.com/V360/Vision360.html?d=zaa67a-2,EX,EX,EX,"61,6",60,,,GCAL,321860311,,,,,,,,,,8.33,5.52,3.40,,,,,,,,,,,,,USA,,,,,,,,,,,,,,,,,,,,,,HPHT
,Yes,Oval,1,SI1,I,,,,500,500,,,,,,,,https://mediassests.s3.amazonaws.com/V360/Vision360.html?d=ZAA107A-3,EX,EX,VG,"63,3",59,,,GCAL,321990324,,,,,,,,,,8.13,5.57,3.52,,,,,,,,,,,,,USA,,,,,,,,,,,,,,,,,,,,,,HPHT
,Yes,Oval,1,VS1,H,,,,500,500,,,,,,,,https://03368bc.netsolhost.com/videos/vision360.html?d=ZAA65A-2,EX,EX,VG,"63,7",59,,,GCAL,321800039,,,,,,,,,,8.11,5.56,3.54,,,,,,,,,,,,,USA,,,,,,,,,,,,,,,,,,,,,,HPHT
,Yes,Marquise,1,VS2,H,,,,500,500,,,,,,,,https://mediassests.s3.amazonaws.com/V360/Vision360.html?d=zaa50a-1,EX,VG,EX,"63,1",59,,,GCAL,321860323,,,,,,,,,,10.46,5.17,3.26,,,,,,,,,,,,,USA,,,,,,,,,,,,,,,,,,,,,,HPHT
,Yes,Oval,1,VS2,I,,,,500,500,,,,,,,,https://mediassests.s3.amazonaws.com/V360/Vision360.html?d=zaa38a-1,EX,EX,EX,"63,2",60,,,GCAL,321860313,,,,,,,,,,08.03,5.62,3.55,,,,,,,,,,,,,USA,,,,,,,,,,,,,,,,,,,,,,HPHT
,Yes,Oval,1,SI1,Fancy Light Blue,,,,900,900,,,,,,,,https://mediassests.s3.amazonaws.com/V360/Vision360.html?d=zaa36a-1,EX,EX,EX,"62,6",59,,,GCAL,321860312,,,,,,,,,,7.98,5.62,3.52,,,,,,,,,,,,,USA,,,,,,,,,,,,,,,,,,,,,,HPHT
,Yes,Pear,1,I1,I,,,,700,700,,,,,,,,https://mediassests.s3.amazonaws.com/V360/Vision360.html?d=zaa35a-1,EX,EX,EX,"61,4",62,,,GCAL,321860324,,,,,,,,,,8.65,5.58,3.42,,,,,,,,,,,,,USA,,,,,,,,,,,,,,,,,,,,,,HPHT
,Yes,Oval,1,VS2,G,,,,500,500,,,,,,,,-,EX,EX,EX,"64,2",59,,,GCAL,321920285,,,,,,,,,,08.01,5.56,3.57,,,,,,,,,,,,,USA,,,,,,,,,,,,,,,,,,,,,,HPHT
,Yes,Oval,1,I1,H,,,,700,700,,,,,,,,https://mediassests.s3.amazonaws.com/V360/Vision360.html?d=ZAA98A-1,EX,VG,VG,"60,9",60,,,GCAL,322200539,,,,,,,,,,8.49,5.62,3.42,,,,,,,,,,,,,USA,,,,,,,,,,,,,,,,,,,,,,HPHT
,Yes,Radiant,1,VS2,I,,,,500,500,,,,,,,,https://mediassests.s3.amazonaws.com/V360/Vision360.html?d=ZAA120A-1,EX,EX,EX,66,64,,,GCAL,322560712,,,,,,,,,,6.94,3.1,02.01,,,,,,,,,,,,,USA,,,,,,,,,,,,,,,,,,,,,,HPHT
,Yes,Heart,1,VS1,I,,,,500,500,,,,,,,,https://mediassests.s3.amazonaws.com/V360/Vision360.html?d=ZAA141A-1,EX,EX,EX,"59,6",57,,,GCAL,322560713,,,,,,,,,,6.96,5.96,4.14,,,,,,,,,,,,,USA,,,,,,,,,,,,,,,,,,,,,,HPHT
,Yes,Heart,1,SI2,J,,,,500,500,,,,,,,,https://mediassests.s3.amazonaws.com/V360/Vision360.html?d=ZAA111A-1,EX,EX,EX,"59,3",57,,,GCAL,322500095,,,,,,,,,,6.87,06.05,04.08,,,,,,,,,,,,,USA,,,,,,,,,,,,,,,,,,,,,,HPHT
,Yes,Oval,1,SI1,I,,,,500,500,,,,,,,,-,EX,EX,EX,"63,2",58,,,GCAL,322430088,,,,,,,,,,7.95,04.01,3.54,,,,,,,,,,,,,USA,,,,,,,,,,,,,,,,,,,,,,HPHT
,Yes,Emerald,"1,01",VS2,H,,,,700,707,,,,,,,,https://mediassests.s3.amazonaws.com/V360/Vision360.html?d=ZAA95A-1,VG,EX,VG,"69,9",58,,,GCAL,321920301,,,,,,,,,,6.99,4.64,3.24,,,,,,,,,,,,,USA,,,,,,,,,,,,,,,,,,,,,,HPHT
,Yes,Oval,"1,01",VS2,H,,,,700,707,,,,,,,,https://mediassests.s3.amazonaws.com/V360/Vision360.html?d=ZAA26A-1,EX,VG,VG,"62,8",62,,,GCAL,321920286,,,,,,,,,,7.94,5.63,3.54,,,,,,,,,,,,,USA,,,,,,,,,,,,,,,,,,,,,,HPHT
,Yes,Emerald,"1,01",VS2,Fancy Light Blue,,,,1000,1010,,,,,,,,https://mediassests.s3.amazonaws.com/V360/Vision360.html?d=ZAA32A-1,EX,EX,EX,70,61,,,GCAL,321920302,,,,,,,,,,6.61,4.70,3.29,,,,,,,,,,,,,USA,,,,,,,,,,,,,,,,,,,,,,HPHT
,Yes,Princess,"1,01",VS1,Fancy Light Greenish Yellow,,,,1000,1010,,,,,,,,https://mediassests.s3.amazonaws.com/V360/Vision360.html?d=ZAA100A-1,EX,EX,EX,"73,7",70,,,GCAL,322140704,,,,,,,,,,5.41,5.4,3.98,,,,,,,,,,,,,USA,,,,,,,,,,,,,,,,,,,,,,HPHT
,Yes,Pear,"1,02",SI1,Fancy Deep Blue,,,,900,918,,,,,,,,https://mediassests.s3.amazonaws.com/V360/Vision360.html?d=ZAA69A-1,EX,EX,EX,"62,7",57,,,GCAL,322140707,,,,,,,,,,09.01,5.55,3.48,,,,,,,,,,,,,USA,,,,,,,,,,,,,,,,,,,,,,HPHT
,Yes,Oval,"1,05",VS1,H,,,,700,735,,,,,,,,https://mediassests.s3.amazonaws.com/V360/Vision360.html?d=zaa85a-1,EX,EX,EX,"59,8",59,,,GCAL,321860314,,,,,,,,,,8.38,5.81,3.48,,,,,,,,,,,,,USA,,,,,,,,,,,,,,,,,,,,,,HPHT
,Yes,Marquise,"1,06",VS1,Fancy Light Blue,,,,1000,1060,,,,,,,,https://mediassests.s3.amazonaws.com/V360/Vision360.html?d=ZAA106A-4,VG,VG,VG,64,57,,,GCAL,321990321,,,,,,,,,,10.26,5.28,3.38,,,,,,,,,,,,,USA,,,,,,,,,,,,,,,,,,,,,,HPHT
,Yes,Oval,"1,08",SI1,F,,,,700,756,,,,,,,,https://03368bc.netsolhost.com/videos/vision360.html?d=ZAA59A-1,EX,EX,VG,"63,3",60,,,GCAL,321800040,,,,,,,,,,8.22,5.76,3.65,,,,,,,,,,,,,USA,,,,,,,,,,,,,,,,,,,,,,HPHT
,Yes,Oval,"1,09",VS2,H,,,,700,763,,,,,,,,-,EX,EX,EX,"62,6",60,,,GCAL,321800041,,,,,,,,,,8.46,5.72,3.58,,,,,,,,,,,,,USA,,,,,,,,,,,,,,,,,,,,,,HPHT
,Yes,Round,"1,11",VS1,I,,,,700,777,,,,,,,,https://mediassests.s3.amazonaws.com/V360/Vision360.html?d=zaa28a-1,EX,EX,EX,"62,4",56,,,GCAL,321860304,,,,,,,,,,6.59,6.64,4.13,,,,,,,,,,,,,USA,,,,,,,,,,,,,,,,,,,,,,HPHT
,Yes,Marquise,"1,12",VS2,Fancy Intense Blue,,,,1000,1120,,,,,,,,https://mediassests.s3.amazonaws.com/V360/Vision360.html?d=zaa56a-1,ID,EX,EX,65,60,,,GCAL,321860325,,,,,,,,,,10.28,5.34,3.48,,,,,,,,,,,,,USA,,,,,,,,,,,,,,,,,,,,,,HPHT
,Yes,Oval,"1,13",VVS2,I,,,,900,1017,,,,,,,,https://03368bc.netsolhost.com/videos/vision360.html?d=ZAA67A-1,-,EX,EX,63,58,,,IGI,533283525,,,,,,,,,,8.42,5.79,3.65,,,,,,,,,,,,,USA,,,,,,,,,,,,,,,,,,,,,,HPHT
,Yes,Marquise,"1,19",SI2,I,,,,700,833,,,,,,,,https://mediassests.s3.amazonaws.com/V360/Vision360.html?d=zaa71a-1,ID,EX,EX,64,62,,,GCAL,321860326,,,,,,,,,,10.93,5.48,3.51,,,,,,,,,,,,,USA,,,,,,,,,,,,,,,,,,,,,,HPHT
,Yes,Marquise,"1,19",SI1,Fancy Blue,,,,900,1071,,,,,,,,https://mediassests.s3.amazonaws.com/V360/Vision360.html?d=ZAA106A-2,EX,EX,EX,"64,6",57,,,GCAL,321920275,,,,,,,,,,11.17,5.40,3.49,,,,,,,,,,,,,USA,,,,,,,,,,,,,,,,,,,,,,HPHT
,Yes,Oval,"1,2",VS1,I,,,,700,840,,,,,,,,https://mediassests.s3.amazonaws.com/V360/Vision360.html?d=ZAA53A-1,VG,VG,VG,"63,8",57,,,GCAL,321920287,,,,,,,,,,8.47,5.96,3.80,,,,,,,,,,,,,USA,,,,,,,,,,,,,,,,,,,,,,HPHT
,Yes,Oval,"1,2",SI2,I,,,,700,840,,,,,,,,https://mediassests.s3.amazonaws.com/V360/Vision360.html?d=zaa41a-1,EX,EX,EX,"62,9",60,,,GCAL,321860315,,,,,,,,,,8.44,5.97,3.75,,,,,,,,,,,,,USA,,,,,,,,,,,,,,,,,,,,,,HPHT
,Yes,Oval,"1,2",VS2,J,,,,700,840,,,,,,,,https://mediassests.s3.amazonaws.com/V360/Vision360.html?d=ZAA82A-1,EX,EX,VG,64,61,,,GCAL,321920288,,,,,,,,,,8.38,5.95,3.81,,,,,,,,,,,,,USA,,,,,,,,,,,,,,,,,,,,,,HPHT
,Yes,Pear,"1,21",VVS2,H,,,,900,1089,,,,,,,,https://mediassests.s3.amazonaws.com/V360/Vision360.html?d=ZAA97A-1,VG,EX,VG,"65,2",60,,,GCAL,322140708,,,,,,,,,,8.1,5.82,3.8,,,,,,,,,,,,,USA,,,,,,,,,,,,,,,,,,,,,,HPHT
,Yes,Oval,"1,24",VS2,Fancy Blue,,,,1000,1240,,,,,,,,https://03368bc.netsolhost.com/videos/vision360.html?d=ZAA61A-1,VG,EX,VG,"62,6",61,,,GCAL,321800042,,,,,,,,,,8.89,5.93,3.71,,,,,,,,,,,,,USA,,,,,,,,,,,,,,,,,,,,,,HPHT
,Yes,Cushion,"1,26",VS2,Fancy Light Blue,,,,1000,1260,,,,,,,,https://mediassests.s3.amazonaws.com/V360/Vision360.html?d=ZAA37A-1,EX,EX,EX,"67,3",62,,,GCAL,321920251,,,,,,,,,,6.30,6.28,4.22,,,,,,,,,,,,,USA,,,,,,,,,,,,,,,,,,,,,,HPHT
,Yes,Oval,"1,28",VS2,I,,,,700,896,,,,,,,,https://mediassests.s3.amazonaws.com/V360/Vision360.html?d=ZAA96A-1,EX,EX,EX,"63,2",59,,,GCAL,322500090,,,,,,,,,,8.7,5.1,3.86,,,,,,,,,,,,,USA,,,,,,,,,,,,,,,,,,,,,,HPHT
,Yes,Oval,"1,33",SI2,Fancy Light Blue,,,,900,1197,,,,,,,,https://03368bc.netsolhost.com/videos/vision360.html?d=ZAA65A-1,VG,VG,VG,"64,6",60,,,GCAL,321800043,,,,,,,,,,8.76,6.13,3.96,,,,,,,,,,,,,USA,,,,,,,,,,,,,,,,,,,,,,HPHT
,Yes,Cushion,"1,35",SI2,I,,,,700,945,,,,,,,,https://03368bc.netsolhost.com/videos/vision360.html?d=ZAA40A-1,EX,EX,EX,"66,7",62,,,GCAL,321800045,,,,,,,,,,6.46,6.42,4.29,,,,,,,,,,,,,USA,,,,,,,,,,,,,,,,,,,,,,HPHT
,Yes,Round,"1,35",VS1,G,,,,700,945,,,,,,,,https://mediassests.s3.amazonaws.com/V360/Vision360.html?d=ZAA147A-1,EX,EX,EX,"59,6",59,,,GCAL,322430076,,,,,,,,,,7.2,7.22,4.3,,,,,,,,,,,,,USA,,,,,,,,,,,,,,,,,,,,,,HPHT
,Yes,Cushion,"1,4",VVS2,Fancy Blue,,,,1300,1820,,,,,,,,https://03368bc.netsolhost.com/videos/vision360.html?d=ZAA55A-1,VG,VG,VG,"69,7",61,,,GCAL,321800046,,,,,,,,,,6.48,6.40,4.46,,,,,,,,,,,,,USA,,,,,,,,,,,,,,,,,,,,,,HPHT
,Yes,Pear,"1,5",VS2,Fancy Intense Blue,,,,1000,1500,,,,,,,,https://mediassests.s3.amazonaws.com/V360/Vision360.html?d=ZAA66A-1,EX,EX,EX,"60,3",62,,,GCAL,321920298,,,,,,,,,,10.31,6.35,3.83,,,,,,,,,,,,,USA,,,,,,,,,,,,,,,,,,,,,,HPHT
,Yes,Oval,"1,5",SI2,Fancy Light Blue,,,,900,1350,,,,,,,,https://mediassests.s3.amazonaws.com/V360/Vision360.html?d=zaa68a-1,EX,EX,EX,"62,7",60,,,GCAL,321860316,,,,,,,,,,9.20,6.46,04.05,,,,,,,,,,,,,USA,,,,,,,,,,,,,,,,,,,,,,HPHT
,Yes,Cushion,"1,5",SI2,Fancy Light Blue,,,,900,1350,,,,,,,,https://mediassests.s3.amazonaws.com/V360/Vision360.html?d=zaa30a-1,EX,VG,VG,"68,7",64,,,GCAL,321860333,,,,,,,,,,6.64,6.48,4.45,,,,,,,,,,,,,USA,,,,,,,,,,,,,,,,,,,,,,HPHT
,Yes,Pear,"1,5",SI1,Fancy Deep Blue,,,,900,1350,,,,,,,,https://mediassests.s3.amazonaws.com/V360/Vision360.html?d=zaa13a-2,EX,VG,VG,"64,5",59,,,GCAL,321860327,,,,,,,,,,10.03,06.06,3.91,,,,,,,,,,,,,USA,,,,,,,,,,,,,,,,,,,,,,HPHT
,Yes,Oval,"1,5",VS1,I,,,,700,1050,,,,,,,,https://mediassests.s3.amazonaws.com/V360/Vision360.html?d=ZAA83A-1,VG,EX,VG,"60,7",60,,,GCAL,321920289,,,,,,,,,,9.30,6.42,3.90,,,,,,,,,,,,,USA,,,,,,,,,,,,,,,,,,,,,,HPHT
,Yes,Oval,"1,5",VS2,Fancy Light Blue,,,,1000,1500,,,,,,,,https://mediassests.s3.amazonaws.com/V360/Vision360.html?d=ZAA49A-1,VG,EX,VG,"63,6",63,,,GCAL,322140721,,,,,,,,,,9.17,6.44,4.1,,,,,,,,,,,,,USA,,,,,,,,,,,,,,,,,,,,,,HPHT
,Yes,Oval,"1,51",VS2,H,,,,700,1057,,,,,,,,https://mediassests.s3.amazonaws.com/V360/Vision360.html?d=ZAA90A-1,EX,EX,EX,"61,8",61,,,GCAL,321920290,,,,,,,,,,9.24,6.45,3.98,,,,,,,,,,,,,USA,,,,,,,,,,,,,,,,,,,,,,HPHT
,Yes,Pear,"1,52",SI1,I,,,,700,1064,,,,,,,,https://mediassests.s3.amazonaws.com/V360/Vision360.html?d=zaa75a-1,EX,EX,EX,"62,6",58,,,GCAL,321860328,,,,,,,,,,10.18,6.40,04.01,,,,,,,,,,,,,USA,,,,,,,,,,,,,,,,,,,,,,HPHT
,Yes,Marquise,"1,53",SI1,I,,,,700,1071,,,,,,,,https://mediassests.s3.amazonaws.com/V360/Vision360.html?d=zaa51a-201,EX,VG,VG,"63,4",61,,,GCAL,321860330,,,,,,,,,,11.92,5.94,3.77,,,,,,,,,,,,,USA,,,,,,,,,,,,,,,,,,,,,,HPHT
,Yes,Pear,"1,53",VS2,G,,,,700,1071,,,,,,,,https://mediassests.s3.amazonaws.com/V360/Vision360.html?d=ZAA94A-1,EX,EX,EX,"62,2",57,,,GCAL,321920299,,,,,,,,,,10.04,6.41,3.99,,,,,,,,,,,,,USA,,,,,,,,,,,,,,,,,,,,,,HPHT
,Yes,Round,"1,56",VS2,G,,,,700,1092,,,,,,,,https://mediassests.s3.amazonaws.com/V360/Vision360.html?d=zaa86a-1,ID,EX,EX,"60,3",58,,,GCAL,321860305,,,,,,,,,,7.47,7.51,4.52,,,,,,,,,,,,,USA,,,,,,,,,,,,,,,,,,,,,,HPHT
,Yes,Round,"1,56",VS2,Fancy Light Blue,,,,1000,1560,,,,,,,,https://mediassests.s3.amazonaws.com/V360/Vision360.html?d=zaa58a-1,EX,EX,EX,"60,1",58,,,GCAL,321860306,,,,,,,,,,7.52,7.55,4.54,,,,,,,,,,,,,USA,,,,,,,,,,,,,,,,,,,,,,HPHT
,Yes,Round,"1,56",VS2,H,,,,700,1092,,,,,,,,https://mediassests.s3.amazonaws.com/V360/Vision360.html?d=ZAA137A-1,EX,EX,EX,"61,9",57,,,GCAL,322560716,,,,,,,,,,7.42,7.45,4.6,,,,,,,,,,,,,USA,,,,,,,,,,,,,,,,,,,,,,HPHT
,Yes,Oval,"1,57",VS1,H,,,,700,1099,,,,,,,,https://03368bc.netsolhost.com/videos/vision360.html?d=ZAA25A-1,-,EX,EX,"62,9","60,5",,,IGI,533200084,,,,,,,,,,9.26,6.52,4.10,,,,,,,,,,,,,USA,,,,,,,,,,,,,,,,,,,,,,HPHT
,Yes,Round,"1,58",VVS2,Fancy Light Blue,,,,1300,2054,,,,,,,,https://mediassests.s3.amazonaws.com/V360/Vision360.html?d=zaa57a-1,EX,EX,EX,"62,4",57,,,GCAL,321860307,,,,,,,,,,7.40,7.44,4.64,,,,,,,,,,,,,USA,,,,,,,,,,,,,,,,,,,,,,HPHT
,Yes,Oval,"1,61",VS1,Fancy Blue,,,,1000,1610,,,,,,,,https://mediassests.s3.amazonaws.com/V360/Vision360.html?d=ZAA135A-1,VG,VG,EX,"62,7",60,,,GCAL,322500091,,,,,,,,,,9.68,05.01,04.07,,,,,,,,,,,,,USA,,,,,,,,,,,,,,,,,,,,,,HPHT
,Yes,Emerald,"1,62",VS1,Fancy Blue,,,,1000,1620,,,,,,,,https://03368bc.netsolhost.com/videos/vision360.html?d=ZAA47A-1,EX,EX,EX,"69,6",61,,,GCAL,321800055,,,,,,,,,,08.06,5.40,3.76,,,,,,,,,,,,,USA,,,,,,,,,,,,,,,,,,,,,,HPHT
,Yes,Marquise,"1,7",SI1,H,,,,700,1190,,,,,,,,https://mediassests.s3.amazonaws.com/V360/Vision360.html?d=zaa43a-1,EX,VG,VG,"65,7",58,,,GCAL,321860331,,,,,,,,,,11.94,06.03,3.96,,,,,,,,,,,,,USA,,,,,,,,,,,,,,,,,,,,,,HPHT
,Yes,Oval,"1,7",VVS1,G,,,,900,1530,,,,,,,,https://03368bc.netsolhost.com/videos/vision360.html?d=ZAA11A-1,-,EX,EX,"63,2",61,,,IGI,533200092,,,,,,,,,,9.47,6.68,4.22,,,,,,,,,,,,,USA,,,,,,,,,,,,,,,,,,,,,,HPHT
,Yes,Round,"1,72",SI1,I,,,,700,1204,,,,,,,,https://03368bc.netsolhost.com/videos/vision360.html?d=ZAA24A-1,EX,EX,EX,"61,5",55,,,GCAL,321800058,,,,,,,,,,7.67,7.72,4.74,,,,,,,,,,,,,USA,,,,,,,,,,,,,,,,,,,,,,HPHT
,Yes,Pear,"1,84",VVS1,Fancy Blue,,,,1300,2392,,,,,,,,https://mediassests.s3.amazonaws.com/V360/Vision360.html?d=zaa77a-1,EX,EX,EX,"61,9",61,,,GCAL,321860329,,,,,,,,,,10.78,6.87,4.26,,,,,,,,,,,,,USA,,,,,,,,,,,,,,,,,,,,,,HPHT
,Yes,Oval,"1,91",VS1,Fancy Light Blue,,,,1000,1910,,,,,,,,https://03368bc.netsolhost.com/videos/vision360.html?d=ZAA54A-1,EX,EX,EX,"62,2",60,,,GCAL,321800044,,,,,,,,,,10.29,6.88,4.28,,,,,,,,,,,,,USA,,,,,,,,,,,,,,,,,,,,,,HPHT
,Yes,Round,2,VS2,H,,,,700,1400,,,,,,,,https://03368bc.netsolhost.com/videos/vision360.html?d=ZAA48A-1,EX,EX,EX,"62,2",56,,,GCAL,321800059,,,,,,,,,,8.3,08.08,05.02,,,,,,,,,,,,,USA,,,,,,,,,,,,,,,,,,,,,,HPHT
,Yes,Oval,2,VVS1,H,,,,900,1800,,,,,,,,https://mediassests.s3.amazonaws.com/V360/Vision360.html?d=zaa89a-1,EX,EX,EX,"62,9",60,,,GCAL,321860317,,,,,,,,,,10.13,07.04,4.43,,,,,,,,,,,,,USA,,,,,,,,,,,,,,,,,,,,,,HPHT
,Yes,Round,2,SI2,J,,,,700,1400,,,,,,,,https://mediassests.s3.amazonaws.com/V360/Vision360.html?d=ZAA105A-1,EX,EX,EX,"59,6",59,,,GCAL,321920259,,,,,,,,,,8.19,8.22,4.89,,,,,,,,,,,,,USA,,,,,,,,,,,,,,,,,,,,,,HPHT
,Yes,Oval,2,VS2,Fancy Blue,,,,1000,2000,,,,,,,,https://mediassests.s3.amazonaws.com/V360/Vision360.html?d=ZAA107A-1,EX,EX,EX,"61,8",62,,,GCAL,322140722,,,,,,,,,,9.1,07.02,4.34,,,,,,,,,,,,,USA,,,,,,,,,,,,,,,,,,,,,,HPHT
,Yes,Marquise,2,VS2,Fancy Light Blue,,,,1000,2000,,,,,,,,https://03368bc.netsolhost.com/videos/vision360.html?d=ZAA60A-1,-,EX,EX,62.40,61.00,,,IGI,542200319,,,,,,,,,,12.86,6.51,4.6,,,,,,,,,,,,,,,,,,,,,,,,,,,,,,,,,,,
,Yes,Oval,"2,01",VS2,Fancy Intense Blue,,,,1000,2010,,,,,,,,https://mediassests.s3.amazonaws.com/V360/Vision360.html?d=ZAA78A-2,EX,EX,EX,"64,2",61,,,GCAL,322140723,,,,,,,,,,10.32,6.94,4.45,,,,,,,,,,,,,USA,,,,,,,,,,,,,,,,,,,,,,HPHT
,Yes,Oval,"2,07",VS2,I,,,,700,1449,,,,,,,,https://mediassests.s3.amazonaws.com/V360/Vision360.html?d=ZAA44A-1,EX,EX,EX,62,59,,,GCAL,322150281,,,,,,,,,,10.72,7.15,4.40,,,,,,,,,,,,,USA,,,,,,,,,,,,,,,,,,,,,,HPHT
,Yes,Oval,"2,08",VVS2,I,,,,900,1872,,,,,,,,https://mediassests.s3.amazonaws.com/V360/Vision360.html?d=ZAA63A-1,EX,EX,EX,"62,4",61,,,GCAL,322150282,,,,,,,,,,10.28,7.22,4.46,,,,,,,,,,,,,USA,,,,,,,,,,,,,,,,,,,,,,HPHT
,Yes,Round,"2,08",VVS1,G,,,,900,1872,,,,,,,,https://03368bc.netsolhost.com/videos/vision360.html?d=ZAA09A-1,ID,EX,EX,60,59,,,IGI,532250197,,,,,,,,,,8.29,8.31,4.98,,,,,,,,,,,,,USA,,,,,,,,,,,,,,,,,,,,,,HPHT
,Yes,Cushion,"2,08",VS2,G,,,,700,1456,,,,,,,,https://mediassests.s3.amazonaws.com/V360/Vision360.html?d=ZAA139A-1,EX,EX,VG,"69,3",62,,,GCAL,322560715,,,,,,,,,,7.33,7.3,05.06,,,,,,,,,,,,,USA,,,,,,,,,,,,,,,,,,,,,,HPHT
,Yes,Oval,"2,09",SI1,G,,,,700,1463,,,,,,,,https://mediassests.s3.amazonaws.com/V360/Vision360.html?d=ZAA150A-1,EX,EX,VG,"61,6",60,,,GCAL,322690198,,,,,,,,,,10.62,7.13,4.39,,,,,,,,,,,,,USA,,,,,,,,,,,,,,,,,,,,,,HPHT
,Yes,Princess,"2,1",SI1,G,,,,700,1470,,,,,,,,https://mediassests.s3.amazonaws.com/V360/Vision360.html?d=zaa64a-1,EX,EX,VG,"73,5",69,,,GCAL,321860334,,,,,,,,,,6.92,6.88,05.05,,,,,,,,,,,,,USA,,,,,,,,,,,,,,,,,,,,,,HPHT
,Yes,Round,"2,12",VS1,G,,,,700,1484,,,,,,,,https://mediassests.s3.amazonaws.com/V360/Vision360.html?d=ZAA143A-1,ID,EX,EX,"61,8",56,,,GCAL,322560717,,,,,,,,,,8.21,8.25,05.09,,,,,,,,,,,,,USA,,,,,,,,,,,,,,,,,,,,,,HPHT
,Yes,Oval,"2,13",SI2,H,,,,700,1491,,,,,,,,https://03368bc.netsolhost.com/videos/vision360.html?d=ZAA17A-1,EX,EX,VG,63,59,,,GCAL,321930138,,,,,,,,,,10.54,7.16,4.51,,,,,,,,,,,,,USA,,,,,,,,,,,,,,,,,,,,,,HPHT
,Yes,Round,"2,16",SI2,Fancy Light Blue,,,,900,1944,,,,,,,,,ID,EX,EX,62.10,58.50,,,IGI,542200315,,,,,,,,,,8.20,8.26,5.11,,,,,,,,,,,,,USA,,,,,,,,,,,,,,,,,,,,,,HPHT
,Yes,Round,"2,19",VS2,H,,,,700,1533,,,,,,,,https://mediassests.s3.amazonaws.com/V360/Vision360.html?d=zaa74a-1,ID,EX,EX,"62,2",56,,,GCAL,321860309,,,,,,,,,,8.30,8.32,5.17,,,,,,,,,,,,,USA,,,,,,,,,,,,,,,,,,,,,,HPHT
,Yes,Oval,"2,19",VS1,I,,,,700,1533,,,,,,,,https://mediassests.s3.amazonaws.com/V360/Vision360.html?d=zaa73a-1,EX,EX,EX,62,60,,,GCAL,321860318,,,,,,,,,,10.58,7.30,4.53,,,,,,,,,,,,,USA,,,,,,,,,,,,,,,,,,,,,,HPHT
,Yes,Pear,"2,26",VS2,I,,,,700,1582,,,,,,,,https://mediassests.s3.amazonaws.com/V360/Vision360.html?d=ZAA91A-1,VG,EX,VG,"63,2",61,,,GCAL,321990335,,,,,,,,,,11.68,7.18,4.54,,,,,,,,,,,,,USA,,,,,,,,,,,,,,,,,,,,,,HPHT
,Yes,Oval,"2,26",VS1,Fancy Light Blue,,,,1000,2260,,,,,,,,https://mediassests.s3.amazonaws.com/V360/Vision360.html?d=ZAA14A-1,EX,EX,EX,63,59,,,GCAL,322150283,,,,,,,,,,10.62,7.32,4.59,,,,,,,,,,,,,USA,,,,,,,,,,,,,,,,,,,,,,HPHT
,Yes,Cushion,"2,29",VS2,I,,,,700,1603,,,,,,,,https://mediassests.s3.amazonaws.com/V360/Vision360.html?d=ZAA103A-1,VG,EX,VG,"67,4",62,,,GCAL,321920252,,,,,,,,,,7.74,7.66,5.16,,,,,,,,,,,,,USA,,,,,,,,,,,,,,,,,,,,,,HPHT
,Yes,Round,"2,36",VS2,G,,,,700,1652,,,,,,,,https://mediassests.s3.amazonaws.com/V360/Vision360.html?d=ZAA136A-1,VG,VG,EX,"61,9",56,,,GCAL,322690191,,,,,,,,,,8.51,7.1,5.28,,,,,,,,,,,,,USA,,,,,,,,,,,,,,,,,,,,,,HPHT
,Yes,Round,"2,44",VS1,G,,,,700,1708,,,,,,,,https://mediassests.s3.amazonaws.com/V360/Vision360.html?d=ZAA87A-1,VG,EX,VG,"60,9",59,,,GCAL,321920260,,,,,,,,,,8.66,8.71,5.29,,,,,,,,,,,,,USA,,,,,,,,,,,,,,,,,,,,,,HPHT
,Yes,Oval,"2,67",VS2,I,,,,582,"1553,94",,,,,,,,https://mediassests.s3.amazonaws.com/V360/Vision360.html?d=zaa08a-1,EX,EX,EX,"63,3",60,,,GCAL,321860319,,,,,,,,,,11.07,7.76,4.91,,,,,,,,,,,,,USA,,,,,,,,,,,,,,,,,,,,,,HPHT
,Yes,Oval,3,SI2,I,,,,720,2160,,,,,,,,https://mediassests.s3.amazonaws.com/V360/Vision360.html?d=zaa88a-1,EX,EX,EX,"62,3",60,,,GCAL,321860320,,,,,,,,,,11.62,8.11,05.05,,,,,,,,,,,,,USA,,,,,,,,,,,,,,,,,,,,,,HPHT
,Yes,Round,3,VS2,Fancy Light Blue,,,,900,2700,,,,,,,,https://03368bc.netsolhost.com/videos/vision360.html?d=ZAA106A-1,EX,EX,EX,62.60,55.50,,,IGI,542200312,,,,,,,,,,9.19,9.24,5.77,,,,,,,,,,,,,USA,,,,,,,,,,,,,,,,,,,,,,HPHT
,Yes,Round,"3,01",VS2,I,,,,620,"1866,2",,,,,,,,https://mediassests.s3.amazonaws.com/V360/Vision360.html?d=ZAA06A-1,EX,EX,EX,"60,5",58,,,GCAL,322150284,,,,,,,,,,9.36,9.39,5.66,,,,,,,,,,,,,USA,,,,,,,,,,,,,,,,,,,,,,HPHT
,Yes,Emerald,"3,01",VS1,Fancy Blue,,,,800,2408,,,,,,,,https://mediassests.s3.amazonaws.com/V360/Vision360.html?d=ZAA112A-1,ID,EX,EX,"69,5",63,,,GCAL,322650194,,,,,,,,,,9.85,6.7,4.65,,,,,,,,,,,,,USA,,,,,,,,,,,,,,,,,,,,,,HPHT
,Yes,Oval,"3,08",VVS2,Fancy Blue,,,,800,2464,,,,,,,,https://03368bc.netsolhost.com/videos/vision360.html?d=LKP05AE-1,-,EX,EX,62.60,59.50,,,IGI,542200317,,,,,,,,,,12.47,8.77,5.49,,,,,,,,,,,,,USA,,,,,,,,,,,,,,,,,,,,,,HPHT
,Yes,Cushion,"3,09",VS2,H,,,,720,"2224,8",,,,,,,,https://mediassests.s3.amazonaws.com/V360/Vision360.html?d=ZAA114A-1,ID,EX,EX,"67,2",64,,,GCAL,322690192,,,,,,,,,,8.53,8.41,5.65,,,,,,,,,,,,,USA,,,,,,,,,,,,,,,,,,,,,,HPHT
,Yes,Round,"3,12",SI1,Fancy Light Blue,,,,800,2496,,,,,,,,https://03368bc.netsolhost.com/videos/vision360.html?d=ZAA70A-1,ID,EX,EX,62.00,57.50,,,IGI,542200313,,,,,,,,,,9.28,9.34,5.78,,,,,,,,,,,,,USA,,,,,,,,,,,,,,,,,,,,,,HPHT
,Yes,Emerald,"3,13",VS1,I,,,,850,"2660,5",,,,,,,,https://mediassests.s3.amazonaws.com/V360/Vision360.html?d=ZAA92A-1,VG,EX,VG,"69,4",63,,,GCAL,322070026,,,,,,,,,,9.89,6.82,4.74,,,,,,,,,,,,,USA,,,,,,,,,,,,,,,,,,,,,,HPHT
,Yes,Round,"3,18",I1,I,,,,342,"1087,56",,,,,,,,https://mediassests.s3.amazonaws.com/V360/Vision360.html?d=ZAA113A-1,EX,EX,EX,"60,2",59,,,GCAL,322650189,,,,,,,,,,9.49,9.53,5.72,,,,,,,,,,,,,USA,,,,,,,,,,,,,,,,,,,,,,HPHT
,Yes,Oval,"3,19",SI2,Fancy Intense Blue,,,,750,"2392,5",,,,,,,,https://mediassests.s3.amazonaws.com/V360/Vision360.html?d=ZAA78A-1,ID,EX,EX,"62,9",60,,,GCAL,322140733,,,,,,,,,,11.79,8.26,5.2,,,,,,,,,,,,,USA,,,,,,,,,,,,,,,,,,,,,,HPHT
,Yes,Oval,"3,2",VS1,H,,,,1000,3200,,,,,,,,https://mediassests.s3.amazonaws.com/V360/Vision360.html?d=zaa51a-1,EX,EX,EX,"64,1",58,,,GCAL,321860321,,,,,,,,,,11.98,08.09,5.18,,,,,,,,,,,,,USA,,,,,,,,,,,,,,,,,,,,,,HPHT
,Yes,Round,"3,23",SI2,I,,,,690,"2228,7",,,,,,,,https://mediassests.s3.amazonaws.com/V360/Vision360.html?d=ZAA93A-1,ID,EX,EX,"61,8",56,,,GCAL,321920261,,,,,,,,,,9.47,9.50,5.86,,,,,,,,,,,,,USA,,,,,,,,,,,,,,,,,,,,,,HPHT
,Yes,Round,"3,25",VS2,J,,,,750,"2437,5",,,,,,,,https://mediassests.s3.amazonaws.com/V360/Vision360.html?d=ZAA102A-1,EX,EX,EX,"61,9",56,,,GCAL,321920262,,,,,,,,,,9.49,9.53,5.88,,,,,,,,,,,,,USA,,,,,,,,,,,,,,,,,,,,,,HPHT
,Yes,Oval,"3,52",VVS1,G,,,,1650,5808,,,,,,,,https://mediassests.s3.amazonaws.com/V360/Vision360.html?d=ZAA148A-1,ID,EX,EX,"62,4",60,,,GCAL,322650197,,,,,,,,,,12.18,8.56,4.1,,,,,,,,,,,,,USA,,,,,,,,,,,,,,,,,,,,,,HPHT
,Yes,Round,"3,71",VS1,H,,,,1175,"4359,25",,,,,,,,https://mediassests.s3.amazonaws.com/V360/Vision360.html?d=ZAA104A-1,ID,EX,EX,"61,8",56,,,GCAL,322070022,,,,,,,,,,9.91,9.93,6.14,,,,,,,,,,,,,USA,,,,,,,,,,,,,,,,,,,,,,HPHT
,Yes,Oval,"3,73",SI2,Fancy Intense Blue,,,,1000,3730,,,,,,,,https://03368bc.netsolhost.com/videos/vision360.html?d=ZAA46A-1,-,EX,EX,62.80,59.50,,,IGI,542200318,,,,,,,,,,12.49,8.68,5.45,,,,,,,,,,,,,USA,,,,,,,,,,,,,,,,,,,,,,HPHT
,Yes,Emerald,4,VS1,Fancy Light Blue,,,,1000,4000,,,,,,,,https://mediassests.s3.amazonaws.com/V360/Vision360.html?d=ZAA80A-1,EX,EX,VG,"70,6",63,,,GCAL,322070027,,,,,,,,,,10.89,7.28,5.14,,,,,,,,,,,,,USA,,,,,,,,,,,,,,,,,,,,,,HPHT
,Yes,Oval,4,SI1,I,,,,990,3960,,,,,,,,https://mediassests.s3.amazonaws.com/V360/Vision360.html?d=zaa79a-1,VG,VG,EX,"62,1",61,,,GCAL,321860322,,,,,,,,,,12.71,8.95,5.56,,,,,,,,,,,,,USA,,,,,,,,,,,,,,,,,,,,,,HPHT
,Yes,Oval,"4,11",I1,Fancy Intense Blue,,,,1000,4110,,,,,,,,https://03368bc.netsolhost.com/videos/vision360.html?d=ZAA62A-1,-,EX,EX,62.90,58.00,,,IGI,542200316,,,,,,,,,,12.79,09.03,5.68,,,,,,,,,,,,,USA,,,,,,,,,,,,,,,,,,,,,,HPHT
,Yes,Round,"5,58",SI1,Fancy Light Blue,,,,1300,7254,,,,,,,,https://03368bc.netsolhost.com/videos/vision360.html?d=ZAA76A-1,ID,EX,EX,62.10,55.50,,,IGI,542200314,,,,,,,,,,11.35,11.39,7.6,,,,,,,,,,,,,USA,,,,,,,,,,,,,,,,,,,,,,HPHT